{
    "loss": 2.3800432682037354,
    "accuracy": 0.7181136012077332
}