{
    "loss": 7.942210674285889,
    "accuracy": 0.5395683646202087
}