{
    "loss": 17.539901733398438,
    "accuracy": 0.48201438784599304
}